id,value
flare,
flare.analytics,
flare.analytics.cluster,
flare.analytics.cluster.AgglomerativeCluster,3938
flare.analytics.cluster.CommunityStructure,3812
flare.analytics.graph,
flare.analytics.graph.BetweennessCentrality,3534
flare.analytics.graph.LinkDistance,5731
flare.analytics.graph.MaxFlowMinCut,7840
flare.analytics.graph.ShortestPaths,5914
flare.analytics.graph.SpanningTree,3416
flare.data,
flare.data.DataField,1759
flare.data.DataSchema,2165
flare.data.DataSet,586
flare.data.DataSource,3331
flare.data.DataTable,772
flare.data.DataUtil,3322
flare.flex,
flare.flex.FlareVis,4116
flare.physics,
flare.physics.DragForce,1082
flare.physics.GravityForce,1336
flare.physics.IForce,319
flare.physics.NBodyForce,10498
flare.physics.Particle,2822
flare.physics.Simulation,9983
flare.physics.Spring,2213
flare.physics.SpringForce,1681
flare.query,
flare.query.AggregateExpression,1616
flare.query.And,1027
flare.query.Arithmetic,3891
flare.query.Average,891
flare.query.BinaryExpression,2893
flare.query.Comparison,5103
flare.query.CompositeExpression,3677
flare.query.Count,781
flare.query.DateUtil,4141
flare.query.Distinct,933
flare.query.Expression,5130
flare.query.ExpressionIterator,3617
flare.query.Not,1554
flare.query.Or,970
flare.query.Query,1389
flare.query.Range,1594
flare.query.StringUtil,413
flare.query.Xor,1101
flare.scale,
flare.scale.IScaleMap,2105
flare.scale.LinearScale,1316
flare.scale.LogScale,3151
flare.scale.OrdinalScale,3770
flare.scale.QuantileScale,2435
flare.scale.QuantitativeScale,4839
flare.scale.RootScale,1756
flare.scale.Scale,4268
flare.scale.ScaleType,1821
flare.scale.TimeScale,5833